N,P,K,temperature,humidity,ph,rainfall,label
90,42,43,20.879744,82.002744,6.502985,202.935536,rice
85,58,41,21.770462,80.319644,7.038096,226.655537,rice
60,55,44,23.004459,82.320763,7.840207,263.964248,rice
74,35,40,26.491096,80.158363,6.980401,242.864034,rice
78,42,42,20.130175,81.604873,7.628473,262.717340,rice
69,37,42,23.058049,83.370118,7.073454,251.054999,rice
69,55,38,22.708838,82.639414,5.700806,271.324860,rice
94,53,40,20.277744,82.894086,5.718627,241.974195,rice
89,54,38,24.515881,83.535216,6.685346,230.446236,rice
68,58,38,23.223974,83.033227,6.336254,221.209196,rice
91,38,36,26.527235,81.417538,5.386168,264.614870,maize
77,38,36,25.897623,80.687383,6.142435,265.890321,maize
88,35,40,26.232128,81.273889,6.246872,271.120420,maize
90,39,37,25.123456,80.987654,6.456789,260.567890,maize
70,40,40,24.987654,82.123456,6.789012,250.345678,maize
85,58,41,22.5,80.0,6.5,210.0,wheat
88,60,42,23.0,78.0,6.4,205.0,wheat
90,62,40,24.0,79.0,6.6,215.0,wheat
120,45,35,28.5,65.0,7.0,150.0,cotton
118,48,38,29.0,67.0,6.9,155.0,cotton
122,50,36,30.0,66.0,7.1,160.0,cotton
100,55,45,27.0,70.0,6.8,180.0,sugarcane
102,58,48,28.0,72.0,6.9,185.0,sugarcane
105,60,50,29.0,74.0,7.0,190.0,sugarcane
70,40,30,25.0,60.0,6.2,120.0,millet
72,42,32,26.0,62.0,6.3,125.0,millet
75,45,35,27.0,64.0,6.4,130.0,millet
95,50,40,24.0,75.0,6.7,170.0,barley
97,52,42,25.0,76.0,6.8,175.0,barley
100,55,45,26.0,77.0,6.9,180.0,barley
110,65,55,30.0,85.0,6.5,220.0,jute
112,68,58,31.0,86.0,6.6,225.0,jute
115,70,60,32.0,87.0,6.7,230.0,jute
80,45,35,23.0,68.0,6.3,140.0,pulses
82,48,38,24.0,69.0,6.4,145.0,pulses
85,50,40,25.0,70.0,6.5,150.0,pulses
130,75,65,33.0,88.0,7.2,250.0,coconut
132,78,68,34.0,89.0,7.3,255.0,coconut
135,80,70,35.0,90.0,7.4,260.0,coconut